{
    "rmse": 0.7303500462702541,
    "mae": 0.5334111900869624,
    "r2": 0.2813035917615343
}