{
    "rmse": 0.7311413240872727,
    "mae": 0.5345676357880904,
    "r2": 0.2524741265144268
}