{
    "rmse": 0.7267320242858829,
    "mae": 0.5281394351226572,
    "r2": 0.27742632033288506
}